,Cross Correlation Sim 1,Cross Correlation Sim 2,Cross Correlation Sim 3,Cross Correlation Sim 4,Cross Correlation Sim 5
0,95.0,90.0,93.0,107.0,91.0
1,274.0,241.0,242.0,335.0,192.0
2,96.0,91.0,94.0,108.0,92.0
3,202.0,671.0,742.0,563.0,655.0
4,993.0,1275.0,1161.0,1650.0,1122.0
5,791.0,604.0,419.0,1087.0,467.0
6,52.73333333333333,40.266666666666666,27.933333333333334,72.46666666666667,31.133333333333333
7,0.0,0.0,0.0,0.0,0.0
