,Cross Correlation Sim 1,Cross Correlation Sim 2,Cross Correlation Sim 3,Cross Correlation Sim 4,Cross Correlation Sim 5,Cross Correlation Sim 6,Cross Correlation Sim 7,Cross Correlation Sim 8,Cross Correlation Sim 9,Cross Correlation Sim 10,Cross Correlation Sim 11,Cross Correlation Sim 12,Cross Correlation Sim 13,Cross Correlation Sim 14,Cross Correlation Sim 15,Cross Correlation Sim 16,Cross Correlation Sim 17,Cross Correlation Sim 18,Cross Correlation Sim 19,Cross Correlation Sim 20,Cross Correlation Sim 21,Cross Correlation Sim 22,Cross Correlation Sim 23,Cross Correlation Sim 24,Cross Correlation Sim 25
0,104.0,110.0,110.0,93.0,109.0,84.0,109.0,82.0,79.0,105.0,92.0,107.0,120.0,91.0,91.0,111.0,87.0,98.0,96.0,101.0,107.0,88.0,102.0,110.0,103.0
1,301.0,235.0,251.0,204.0,211.0,272.0,292.0,174.0,302.0,310.0,254.0,318.0,261.0,233.0,229.0,234.0,361.0,240.0,262.0,286.0,233.0,271.0,237.0,176.0,349.0
2,105.0,111.0,111.0,94.0,110.0,85.0,110.0,83.0,80.0,106.0,93.0,108.0,121.0,92.0,92.0,112.0,88.0,99.0,97.0,102.0,108.0,89.0,103.0,111.0,104.0
3,408.0,743.0,802.0,399.0,768.0,590.0,688.0,234.0,746.0,350.0,687.0,469.0,538.0,760.0,347.0,580.0,740.0,553.0,799.0,579.0,551.0,620.0,457.0,360.0,524.0
4,932.0,1032.0,1088.0,1018.0,1366.0,832.0,1420.0,1375.0,987.0,1181.0,1003.0,922.0,1016.0,1197.0,1292.0,1042.0,1196.0,844.0,825.0,1072.0,919.0,1093.0,1185.0,1279.0,1020.0
5,524.0,289.0,286.0,619.0,598.0,242.0,732.0,1141.0,241.0,831.0,316.0,453.0,478.0,437.0,945.0,462.0,456.0,291.0,26.0,493.0,368.0,473.0,728.0,919.0,496.0
6,47.66732451618604,25.378849512475533,24.981385429556887,55.33437404064591,53.65936491764306,20.835419208120605,65.93137517762824,108.30308343852724,21.553251264238654,77.13931376384801,27.141182006399397,42.98963545841414,42.27006080707574,37.68999307612416,81.7562250772525,40.60289034282414,49.75436072194876,25.16365661658208,2.238273910387207,43.70406606906748,32.20148527243901,40.82518268690276,63.25528084615932,88.94628175331684,52.04056787826036
