,Cross Correlation Sim 1,Cross Correlation Sim 2,Cross Correlation Sim 3,Cross Correlation Sim 4,Cross Correlation Sim 5
0,200.0,250.0,300.0,350.0,400.0
1,300.0,350.0,400.0,450.0,500.0
2,100.0,100.0,100.0,100.0,100.0
3,8.333333333333334,8.333333333333334,8.333333333333334,8.333333333333334,8.333333333333334
