,Cross Correlation Sim 1,Cross Correlation Sim 2,Cross Correlation Sim 3,Cross Correlation Sim 4,Cross Correlation Sim 5
0,300.0,300.0,300.0,300.0,300.0
1,400.0,400.0,400.0,400.0,400.0
2,100.0,100.0,100.0,100.0,100.0
3,8.333333333333334,8.333333333333334,8.333333333333334,8.333333333333334,8.333333333333334
